{
  "hash": "adb731cb",
  "configHash": "15349997",
  "lockfileHash": "3e9c9030",
  "browserHash": "6af70d3f",
  "optimized": {
    "@angular/common": {
      "src": "../../../../../node_modules/@angular/common/fesm2022/common.mjs",
      "file": "@angular_common.js",
      "fileHash": "4d20d440",
      "needsInterop": false
    },
    "@angular/common/http": {
      "src": "../../../../../node_modules/@angular/common/fesm2022/http.mjs",
      "file": "@angular_common_http.js",
      "fileHash": "a219170c",
      "needsInterop": false
    },
    "@angular/core": {
      "src": "../../../../../node_modules/@angular/core/fesm2022/core.mjs",
      "file": "@angular_core.js",
      "fileHash": "486c3ea0",
      "needsInterop": false
    },
    "@angular/forms": {
      "src": "../../../../../node_modules/@angular/forms/fesm2022/forms.mjs",
      "file": "@angular_forms.js",
      "fileHash": "5a0c486a",
      "needsInterop": false
    },
    "@angular/platform-browser": {
      "src": "../../../../../node_modules/@angular/platform-browser/fesm2022/platform-browser.mjs",
      "file": "@angular_platform-browser.js",
      "fileHash": "54e9ede1",
      "needsInterop": false
    },
    "@angular/router": {
      "src": "../../../../../node_modules/@angular/router/fesm2022/router.mjs",
      "file": "@angular_router.js",
      "fileHash": "23026b78",
      "needsInterop": false
    }
  },
  "chunks": {
    "chunk-UZF5QNGM": {
      "file": "chunk-UZF5QNGM.js"
    },
    "chunk-2HEBDTGR": {
      "file": "chunk-2HEBDTGR.js"
    },
    "chunk-MRUW4HX5": {
      "file": "chunk-MRUW4HX5.js"
    },
    "chunk-2QDPCBAK": {
      "file": "chunk-2QDPCBAK.js"
    }
  }
}